"","location","date","new_cases","people_vaccinated","population"
"220","China",2021-02-03,49,31200000,1439323774
"1145","United States",2021-02-05,133558,28909497,331002647
"1144","United States",2021-02-04,123188,27905197,331002647
"1143","United States",2021-02-03,121469,27154956,331002647
"1142","United States",2021-02-02,114437,26440836,331002647
"1141","United States",2021-02-01,134339,26023153,331002647
"1140","United States",2021-01-31,111896,25201143,331002647
"1139","United States",2021-01-30,142091,24064165,331002647
"219","China",2021-01-31,95,2.4e+07,1439323774
"1138","United States",2021-01-29,166113,22858318,331002647
"218","China",2021-01-27,114,22767000,1439323774
"1137","United States",2021-01-28,168620,21698606,331002647
"1136","United States",2021-01-27,152478,20687970,331002647
"1135","United States",2021-01-26,146597,19902237,331002647
"1134","United States",2021-01-25,151095,19252279,331002647
"1133","United States",2021-01-24,131075,18502131,331002647
"1132","United States",2021-01-23,170138,17390345,331002647
"1131","United States",2021-01-22,190032,16243093,331002647
"1130","United States",2021-01-21,193055,15053257,331002647
"217","China",2021-01-20,221,1.5e+07,1439323774
"1129","United States",2021-01-20,182579,14270441,331002647
"1128","United States",2021-01-19,176984,13595803,331002647
"375","European Union",2021-02-05,146769,11475802,NA
"374","European Union",2021-02-04,107724,11324483,NA
"373","European Union",2021-02-03,137342,10990014,NA
"1111","United Kingdom",2021-02-04,20734,10971047,67886004
"372","European Union",2021-02-02,116130,10699773,NA
"1127","United States",2021-01-15,240707,10595866,331002647
"1110","United Kingdom",2021-02-03,19215,10490487,67886004
"371","European Union",2021-02-01,123312,10408840,NA
"370","European Union",2021-01-31,67196,10219343,NA
"369","European Union",2021-01-30,102815,10050899,NA
"1109","United Kingdom",2021-02-02,16906,10021471,67886004
"216","China",2021-01-13,180,1e+07,1439323774
"368","European Union",2021-01-29,163551,9894945,NA
"1126","United States",2021-01-14,234975,9690757,331002647
"1108","United Kingdom",2021-02-01,18668,9646715,67886004
"367","European Union",2021-01-28,126594,9600320,NA
"1125","United States",2021-01-12,226238,9327138,331002647
"1107","United Kingdom",2021-01-31,21190,9296367,67886004
"366","European Union",2021-01-27,159909,9220085,NA
"215","China",2021-01-09,128,9e+06,1439323774
"1124","United States",2021-01-11,213963,8987322,331002647
"1106","United Kingdom",2021-01-30,23400,8977329,67886004
"365","European Union",2021-01-26,129876,8722042,NA
"1105","United Kingdom",2021-01-29,29145,8378940,67886004
"364","European Union",2021-01-25,140212,8267196,NA
"1104","United Kingdom",2021-01-28,28811,7891184,67886004
"363","European Union",2021-01-24,79394,7890113,NA
"362","European Union",2021-01-23,104107,7634213,NA
"1103","United Kingdom",2021-01-27,25369,7476765,67886004
"361","European Union",2021-01-22,154195,7457613,NA
"1102","United Kingdom",2021-01-26,20167,7164387,67886004
"360","European Union",2021-01-21,150257,7034637,NA
"1101","United Kingdom",2021-01-25,22244,6853327,67886004
"1123","United States",2021-01-08,292044,6688231,331002647
"359","European Union",2021-01-20,174627,6606283,NA
"1100","United Kingdom",2021-01-24,30111,6573570,67886004
"1099","United Kingdom",2021-01-23,33652,6353321,67886004
"358","European Union",2021-01-19,135215,6174545,NA
"1122","United States",2021-01-07,276738,5919418,331002647
"1098","United Kingdom",2021-01-22,40321,5861351,67886004
"357","European Union",2021-01-18,135234,5756184,NA
"1097","United Kingdom",2021-01-21,37977,5383103,67886004
"1121","United States",2021-01-06,253917,5306797,331002647
"356","European Union",2021-01-17,102979,5227839,NA
"355","European Union",2021-01-16,85410,5050413,NA
"1096","United Kingdom",2021-01-20,38992,4973248,67886004
"354","European Union",2021-01-15,148386,4843863,NA
"1120","United States",2021-01-05,233526,4836469,331002647
"1095","United Kingdom",2021-01-19,33454,4609740,67886004
"1119","United States",2021-01-04,183790,4563260,331002647
"214","China",2020-12-31,87,4500000,1439323774
"353","European Union",2021-01-14,165974,4342397,NA
"1094","United Kingdom",2021-01-18,37610,4266577,67886004
"1118","United States",2021-01-02,300282,4225756,331002647
"1093","United Kingdom",2021-01-17,38670,4062501,67886004
"1092","United Kingdom",2021-01-16,41428,3837094,67886004
"352","European Union",2021-01-13,174504,3830849,NA
"1081","United Arab Emirates",2021-02-04,3249,3599374,9890400
"1091","United Kingdom",2021-01-15,55885,3559179,67886004
"589","Israel",2021-02-05,5238,3390398,8655541
"588","Israel",2021-02-04,6744,3371068,8655541
"351","European Union",2021-01-12,152866,3328976,NA
"1080","United Arab Emirates",2021-02-03,3977,3314517,9890400
"587","Israel",2021-02-03,8896,3299213,8655541
"586","Israel",2021-02-02,7732,3239952,8655541
"1090","United Kingdom",2021-01-14,48804,3234946,67886004
"1079","United Arab Emirates",2021-02-01,2730,3190777,9890400
"585","Israel",2021-02-01,8811,3169800,8655541
"584","Israel",2021-01-31,4646,3086831,8655541
"1078","United Arab Emirates",2021-01-31,2948,3084162,9890400
"143","Brazil",2021-02-05,50872,3074906,212559409
"142","Brazil",2021-02-04,56873,3073057,212559409
"583","Israel",2021-01-30,4798,3012493,8655541
"582","Israel",2021-01-29,5096,2977554,8655541
"581","Israel",2021-01-28,7305,2939784,8655541
"1089","United Kingdom",2021-01-13,47662,2918252,67886004
"350","European Union",2021-01-11,126646,2908104,NA
"1077","United Arab Emirates",2021-01-30,3647,2864167,9890400
"580","Israel",2021-01-27,4422,2857627,8655541
"1117","United States",2020-12-30,232016,2794588,331002647
"579","Israel",2021-01-26,3828,2776974,8655541
"1076","United Arab Emirates",2021-01-29,3962,2756606,9890400
"578","Israel",2021-01-25,15937,2696078,8655541
"1088","United Kingdom",2021-01-12,45648,2639309,67886004
"1075","United Arab Emirates",2021-01-28,3966,2618650,9890400
"577","Israel",2021-01-24,3442,2607966,8655541
"576","Israel",2021-01-23,4933,2537097,8655541
"141","Brazil",2021-02-03,56002,2521704,212559409
"1074","United Arab Emirates",2021-01-27,3939,2514450,9890400
"575","Israel",2021-01-22,6159,2496570,8655541
"349","European Union",2021-01-10,91667,2493101,NA
"574","Israel",2021-01-21,7027,2457905,8655541
"1087","United Kingdom",2021-01-11,46275,2431648,67886004
"1073","United Arab Emirates",2021-01-26,3601,2427680,9890400
"573","Israel",2021-01-20,10213,2386752,8655541
"348","European Union",2021-01-09,134617,2336163,NA
"1072","United Arab Emirates",2021-01-25,3591,2321091,9890400
"572","Israel",2021-01-19,7380,2309226,8655541
"140","Brazil",2021-02-02,54096,2292551,212559409
"1086","United Kingdom",2021-01-10,55026,2286572,67886004
"1071","United Arab Emirates",2021-01-24,3579,2237789,9890400
"571","Israel",2021-01-18,6560,2236627,8655541
"467","Germany",2021-02-05,10835,2212851,83783945
"1070","United Arab Emirates",2021-01-23,3566,2176798,9890400
"570","Israel",2021-01-17,8190,2167414,8655541
"466","Germany",2021-02-04,13032,2162961,83783945
"347","European Union",2021-01-08,187247,2151936,NA
"1116","United States",2020-12-28,174173,2127143,331002647
"139","Brazil",2021-02-01,24591,2107624,212559409
"465","Germany",2021-02-03,12487,2104895,83783945
"569","Israel",2021-01-16,8450,2099811,8655541
"1069","United Arab Emirates",2021-01-22,3552,2089078,9890400
"568","Israel",2021-01-15,5235,2070690,8655541
"464","Germany",2021-02-02,7690,2052342,83783945
"138","Brazil",2021-01-31,27756,2046523,212559409
"567","Israel",2021-01-14,9754,2040543,8655541
"463","Germany",2021-02-01,6668,1997463,83783945
"1068","United Arab Emirates",2021-01-21,3529,1996069,9890400
"566","Israel",2021-01-13,9997,1985413,8655541
"462","Germany",2021-01-31,748,1949712,83783945
"1115","United States",2020-12-26,226844,1944585,331002647
"565","Israel",2021-01-12,8990,1934499,8655541
"137","Brazil",2021-01-30,58462,1923813,212559409
"461","Germany",2021-01-30,17518,1918568,83783945
"1067","United Arab Emirates",2021-01-20,3506,1911150,9890400
"564","Israel",2021-01-11,9754,1911022,8655541
"563","Israel",2021-01-10,5885,1890730,8655541
"460","Germany",2021-01-29,12831,1880316,83783945
"562","Israel",2021-01-09,8077,1853833,8655541
"459","Germany",2021-01-28,14883,1823978,83783945
"1066","United Arab Emirates",2021-01-19,3491,1815367,9890400
"561","Israel",2021-01-08,6309,1809903,8655541
"346","European Union",2021-01-07,203032,1780131,NA
"426","France",2021-02-04,20,1772602,65273512
"458","Germany",2021-01-27,15636,1772540,83783945
"560","Israel",2021-01-07,7600,1744565,8655541
"1065","United Arab Emirates",2021-01-18,3471,1721521,9890400
"457","Germany",2021-01-26,9387,1718781,83783945
"425","France",2021-02-03,26406,1687026,65273512
"456","Germany",2021-01-25,6887,1665731,83783945
"136","Brazil",2021-01-29,59826,1656851,212559409
"1064","United Arab Emirates",2021-01-17,3453,1632778,9890400
"559","Israel",2021-01-06,7309,1630819,8655541
"424","France",2021-02-02,23337,1615088,65273512
"455","Germany",2021-01-24,10078,1608482,83783945
"454","Germany",2021-01-23,12430,1570586,83783945
"1063","United Arab Emirates",2021-01-16,3432,1547926,9890400
"423","France",2021-02-01,4388,1541079,65273512
"558","Israel",2021-01-05,7966,1530040,8655541
"453","Germany",2021-01-22,16366,1522398,83783945
"213","China",2020-12-15,110,1500000,1439323774
"422","France",2021-01-31,19235,1486493,65273512
"421","France",2021-01-30,24045,1479909,65273512
"420","France",2021-01-29,46495,1453325,65273512
"135","Brazil",2021-01-28,61811,1450900,212559409
"452","Germany",2021-01-21,8277,1439022,83783945
"345","European Union",2021-01-06,162499,1422407,NA
"1062","United Arab Emirates",2021-01-15,3407,1415987,9890400
"557","Israel",2021-01-04,6631,1407039,8655541
"630","Italy",2021-02-05,14213,1400437,60461828
"629","Italy",2021-02-04,13656,1386498,60461828
"451","Germany",2021-01-20,29003,1379142,83783945
"1085","United Kingdom",2021-01-03,55157,1375417,67886004
"628","Italy",2021-02-03,13182,1374552,60461828
"419","France",2021-01-28,696,1372680,65273512
"627","Italy",2021-02-02,9651,1366105,60461828
"626","Italy",2021-02-01,7925,1360145,60461828
"625","Italy",2021-01-31,11249,1355916,60461828
"624","Italy",2021-01-30,12713,1353471,60461828
"623","Italy",2021-01-29,13563,1349739,60461828
"622","Italy",2021-01-28,14360,1345364,60461828
"621","Italy",2021-01-27,15191,1341053,60461828
"620","Italy",2021-01-26,10584,1335198,60461828
"619","Italy",2021-01-25,8559,1331080,60461828
"618","Italy",2021-01-24,11628,1326606,60461828
"617","Italy",2021-01-23,13331,1323617,60461828
"616","Italy",2021-01-22,13633,1318024,60461828
"615","Italy",2021-01-21,14055,1306295,60461828
"1045","Spain",2021-02-04,29960,1305251,46754783
"450","Germany",2021-01-19,12233,1301469,83783945
"614","Italy",2021-01-20,13568,1291374,60461828
"1044","Spain",2021-02-03,31596,1279220,46754783
"1061","United Arab Emirates",2021-01-14,3382,1277833,9890400
"556","Israel",2021-01-03,6743,1267280,8655541
"613","Italy",2021-01-19,10496,1266605,60461828
"1043","Spain",2021-02-02,29064,1265800,46754783
"418","France",2021-01-27,26951,1262972,65273512
"1042","Spain",2021-02-01,79686,1254535,46754783
"1041","Spain",2021-01-31,0,1251369,46754783
"612","Italy",2021-01-18,8825,1236665,60461828
"449","Germany",2021-01-18,9253,1234700,83783945
"1040","Spain",2021-01-28,34899,1222323,46754783
"1039","Spain",2021-01-27,40285,1202859,46754783
"611","Italy",2021-01-17,12544,1199514,60461828
"875","Poland",2021-02-05,6053,1193034,37846605
"344","European Union",2021-01-05,172569,1189817,NA
"1038","Spain",2021-01-26,36435,1183395,46754783
"448","Germany",2021-01-17,11484,1176986,83783945
"874","Poland",2021-02-04,6495,1171229,37846605
"1037","Spain",2021-01-25,93822,1167519,46754783
"610","Italy",2021-01-16,16310,1166413,60461828
"417","France",2021-01-26,22143,1165852,65273512
"1036","Spain",2021-01-24,0,1148895,46754783
"447","Germany",2021-01-16,14817,1145766,83783945
"1060","United Arab Emirates",2021-01-13,3362,1144580,9890400
"134","Brazil",2021-01-27,63520,1129885,212559409
"555","Israel",2021-01-02,6289,1120243,8655541
"873","Poland",2021-02-03,6801,1117146,37846605
"609","Italy",2021-01-15,16144,1102851,60461828
"1035","Spain",2021-01-22,42885,1097369,46754783
"446","Germany",2021-01-15,8593,1089401,83783945
"416","France",2021-01-25,4300,1075045,65273512
"1034","Spain",2021-01-21,44357,1054245,46754783
"872","Poland",2021-02-02,4326,1053245,37846605
"554","Israel",2021-01-01,5248,1049294,8655541
"1059","United Arab Emirates",2021-01-12,3243,1025652,9890400
"608","Italy",2021-01-14,17243,1015194,60461828
"1033","Spain",2021-01-20,41576,1010295,46754783
"1114","United States",2020-12-23,228761,1008025,331002647
"415","France",2021-01-24,18436,1003968,65273512
"1084","United Kingdom",2020-12-27,32493,1001985,67886004
"871","Poland",2021-02-01,2504,998587,37846605
"445","Germany",2021-01-14,21343,997072,83783945
"414","France",2021-01-23,23924,995147,65273512
"553","Israel",2020-12-31,6678,978716,8655541
"870","Poland",2021-01-31,4711,976367,37846605
"413","France",2021-01-22,23324,959716,65273512
"869","Poland",2021-01-30,5864,958453,37846605
"1032","Spain",2021-01-19,34291,956756,46754783
"868","Poland",2021-01-29,6145,945600,37846605
"607","Italy",2021-01-13,15773,923366,60461828
"867","Poland",2021-01-28,7153,917908,37846605
"1058","United Arab Emirates",2021-01-11,2404,917251,9890400
"343","European Union",2021-01-04,101218,900103,NA
"444","Germany",2021-01-13,25566,896773,83783945
"1031","Spain",2021-01-18,84287,895627,46754783
"184","Canada",2021-01-30,3850,871905,37742157
"866","Poland",2021-01-27,6790,858474,37846605
"412","France",2021-01-21,22710,850380,65273512
"133","Brazil",2021-01-26,61963,848883,212559409
"1057","United Arab Emirates",2021-01-10,2876,836568,9890400
"606","Italy",2021-01-12,14242,830621,60461828
"552","Israel",2020-12-30,4186,822132,8655541
"443","Germany",2021-01-12,27210,798423,83783945
"865","Poland",2021-01-26,4603,782413,37846605
"183","Canada",2021-01-23,5094,781559,37742157
"1030","Spain",2021-01-15,40197,768950,46754783
"605","Italy",2021-01-11,12530,749768,60461828
"537","Indonesia",2021-02-05,11749,744884,273523621
"442","Germany",2021-01-11,11706,716531,83783945
"411","France",2021-01-20,26877,708973,65273512
"864","Poland",2021-01-25,2674,701222,37846605
"132","Brazil",2021-01-25,26816,700608,212559409
"536","Indonesia",2021-02-04,11434,700266,273523621
"1029","Spain",2021-01-14,35878,676186,46754783
"1083","United Kingdom",2020-12-20,36084,673216,67886004
"551","Israel",2020-12-29,5113,671662,8655541
"604","Italy",2021-01-10,18625,669328,60461828
"863","Poland",2021-01-24,4566,659753,37846605
"862","Poland",2021-01-23,6431,654184,37846605
"441","Germany",2021-01-10,948,650941,83783945
"535","Indonesia",2021-02-03,11984,646026,273523621
"927","Romania",2021-02-05,2580,638886,19237682
"861","Poland",2021-01-22,6693,638798,37846605
"769","Mexico",2021-02-05,26626,636070,128932753
"768","Mexico",2021-02-04,0,634346,128932753
"764","Mexico",2021-01-31,7030,631485,128932753
"763","Mexico",2021-01-30,15337,631298,128932753
"342","European Union",2021-01-03,77689,631282,NA
"762","Mexico",2021-01-29,16374,630820,128932753
"926","Romania",2021-02-04,2668,629279,19237682
"761","Mexico",2021-01-28,18670,626528,128932753
"760","Mexico",2021-01-27,17944,624730,128932753
"759","Mexico",2021-01-26,17165,621005,128932753
"925","Romania",2021-02-03,2752,620176,19237682
"440","Germany",2021-01-09,22824,617700,83783945
"758","Mexico",2021-01-25,8521,616390,128932753
"767","Mexico",2021-02-03,12153,615381,128932753
"766","Mexico",2021-02-02,4384,614733,128932753
"765","Mexico",2021-02-01,5448,614689,128932753
"1113","United States",2020-12-21,198608,614117,331002647
"924","Romania",2021-02-02,2676,610383,19237682
"603","Italy",2021-01-09,19976,609110,60461828
"860","Poland",2021-01-21,7008,605313,37846605
"131","Brazil",2021-01-24,28323,604722,212559409
"757","Mexico",2021-01-24,10872,604441,128932753
"923","Romania",2021-02-01,1313,598135,19237682
"756","Mexico",2021-01-23,20057,596296,128932753
"534","Indonesia",2021-02-02,10379,596260,273523621
"755","Mexico",2021-01-22,21007,594725,128932753
"410","France",2021-01-19,23895,585735,65273512
"922","Romania",2021-01-31,1825,585218,19237682
"1028","Spain",2021-01-13,38869,581638,46754783
"921","Romania",2021-01-30,2668,571091,19237682
"859","Poland",2021-01-20,6943,566793,37846605
"182","Canada",2021-01-16,6359,564874,37742157
"439","Germany",2021-01-08,19077,561291,83783945
"212","Chile",2021-02-05,3782,556754,19116209
"1112","United States",2020-12-20,187549,556208,331002647
"920","Romania",2021-01-29,2737,554924,19237682
"341","European Union",2021-01-02,64511,540299,NA
"533","Indonesia",2021-02-01,10994,539532,273523621
"130","Brazil",2021-01-23,62334,537774,212559409
"919","Romania",2021-01-28,2901,534346,19237682
"754","Mexico",2021-01-21,22339,534317,128932753
"858","Poland",2021-01-19,4890,530055,37846605
"602","Italy",2021-01-08,17529,522379,60461828
"550","Israel",2020-12-28,5815,517712,8655541
"918","Romania",2021-01-27,3174,513429,19237682
"438","Germany",2021-01-07,45333,501341,83783945
"532","Indonesia",2021-01-31,12001,493133,273523621
"857","Poland",2021-01-18,3332,491696,37846605
"753","Mexico",2021-01-20,20548,489628,128932753
"752","Mexico",2021-01-19,18894,488513,128932753
"1027","Spain",2021-01-12,25438,488122,46754783
"917","Romania",2021-01-26,2877,487711,19237682
"751","Mexico",2021-01-18,8074,485983,128932753
"531","Indonesia",2021-01-30,14518,482145,273523621
"856","Poland",2021-01-17,5970,468795,37846605
"750","Mexico",2021-01-17,11170,468708,128932753
"409","France",2021-01-18,3798,468073,65273512
"749","Mexico",2021-01-16,20523,461025,128932753
"916","Romania",2021-01-25,1551,459567,19237682
"855","Poland",2021-01-16,7292,457303,37846605
"437","Germany",2021-01-06,26663,442766,83783945
"854","Poland",2021-01-15,7958,436963,37846605
"340","European Union",2021-01-01,112548,435409,NA
"915","Romania",2021-01-24,1816,433129,19237682
"601","Italy",2021-01-07,18416,427315,60461828
"748","Mexico",2021-01-15,21366,415417,128932753
"853","Poland",2021-01-14,9457,410480,37846605
"1026","Spain",2021-01-11,61422,406091,46754783
"914","Romania",2021-01-23,2719,406006,19237682
"530","Indonesia",2021-01-29,13802,405012,273523621
"339","European Union",2020-12-31,163706,395373,NA
"408","France",2021-01-17,37405,391910,65273512
"549","Israel",2020-12-27,2806,384707,8655541
"436","Germany",2021-01-05,18349,384445,83783945
"407","France",2021-01-16,290,382326,65273512
"913","Romania",2021-01-22,2699,374681,19237682
"852","Poland",2021-01-13,9126,369212,37846605
"529","Indonesia",2021-01-28,13695,368318,273523621
"406","France",2021-01-15,21673,364846,65273512
"912","Romania",2021-01-21,2878,338252,19237682
"600","Italy",2021-01-06,20326,335724,60461828
"435","Germany",2021-01-04,12320,332306,83783945
"747","Mexico",2021-01-14,16468,329983,128932753
"123","Belgium",2021-02-05,2585,326405,11589616
"122","Belgium",2021-02-04,2452,323210,11589616
"121","Belgium",2021-02-03,3124,317646,11589616
"120","Belgium",2021-02-02,1854,310144,11589616
"851","Poland",2021-01-12,5394,309620,37846605
"504","Greece",2021-02-05,1172,306441,10423056
"405","France",2021-01-14,21431,306206,65273512
"338","European Union",2020-12-30,196752,306157,NA
"911","Romania",2021-01-20,3000,302570,19237682
"119","Belgium",2021-02-01,1264,301558,11589616
"118","Belgium",2021-01-31,2316,297971,11589616
"16","Argentina",2021-02-04,8891,297717,45195777
"117","Belgium",2021-01-30,2717,297407,11589616
"116","Belgium",2021-01-29,2683,295872,11589616
"503","Greece",2021-02-04,1069,291259,10423056
"1056","Sweden",2021-02-05,3388,286853,10099270
"115","Belgium",2021-01-28,2775,285248,11589616
"15","Argentina",2021-02-03,9196,284196,45195777
"434","Germany",2021-01-03,10356,283420,83783945
"14","Argentina",2021-02-01,6614,281577,45195777
"548","Israel",2020-12-26,4273,281347,8655541
"211","Chile",2021-02-04,3592,281301,19116209
"13","Argentina",2021-01-30,6902,281023,45195777
"887","Portugal",2021-02-04,7914,279236,10196707
"12","Argentina",2021-01-29,9838,278451,45195777
"1025","Spain",2021-01-08,25456,277976,46754783
"11","Argentina",2021-01-28,9471,276548,45195777
"502","Greece",2021-02-03,1150,276103,10423056
"1055","Sweden",2021-02-04,3758,276008,10099270
"886","Portugal",2021-02-03,9083,275093,10196707
"10","Argentina",2021-01-27,10843,272323,45195777
"114","Belgium",2021-01-27,3020,271019,11589616
"599","Italy",2021-01-05,15375,270719,60461828
"885","Portugal",2021-02-01,5805,269814,10196707
"884","Portugal",2021-01-31,9498,268386,10196707
"910","Romania",2021-01-19,2745,267424,19237682
"9","Argentina",2021-01-26,10409,266969,45195777
"522","Hungary",2021-02-04,1652,264530,9660350
"1054","Sweden",2021-02-03,4310,264148,10099270
"501","Greece",2021-02-02,1221,261543,10423056
"8","Argentina",2021-01-25,7578,260122,45195777
"7","Argentina",2021-01-24,5031,260036,45195777
"6","Argentina",2021-01-23,8362,258876,45195777
"433","Germany",2021-01-02,10903,258223,83783945
"113","Belgium",2021-01-26,1784,258211,11589616
"850","Poland",2021-01-11,4863,257834,37846605
"1053","Sweden",2021-02-02,9649,256978,10099270
"5","Argentina",2021-01-22,10753,254456,45195777
"282","Czechia",2021-02-05,8125,254131,10708982
"281","Czechia",2021-02-04,9695,250314,10708982
"521","Hungary",2021-02-03,1048,249687,9660350
"4","Argentina",2021-01-21,11396,249372,45195777
"547","Israel",2020-12-25,4713,249316,8655541
"112","Belgium",2021-01-25,1192,248188,11589616
"520","Hungary",2021-02-02,578,247270,9660350
"500","Greece",2021-02-01,538,247251,10423056
"280","Czechia",2021-02-03,9143,246070,10708982
"129","Brazil",2021-01-22,56552,245877,212559409
"3","Argentina",2021-01-20,12112,243539,45195777
"519","Hungary",2021-02-01,1124,243136,9660350
"279","Czechia",2021-02-02,7185,241846,10708982
"278","Czechia",2021-02-01,2555,237978,10708982
"518","Hungary",2021-01-31,1307,237872,9660350
"111","Belgium",2021-01-24,1812,237686,11589616
"110","Belgium",2021-01-23,2583,235841,11589616
"404","France",2021-01-13,23932,235786,65273512
"277","Czechia",2021-01-31,4060,234358,10708982
"276","Czechia",2021-01-30,8072,233663,10708982
"909","Romania",2021-01-18,1509,233288,19237682
"275","Czechia",2021-01-29,7982,232949,10708982
"499","Greece",2021-01-30,795,232399,10423056
"1052","Sweden",2021-01-29,2400,230068,10099270
"109","Belgium",2021-01-22,2444,228055,11589616
"274","Czechia",2021-01-28,8505,226950,10708982
"883","Portugal",2021-01-26,10765,225499,10196707
"517","Hungary",2021-01-30,1370,222005,9660350
"498","Greece",2021-01-29,882,220621,10423056
"273","Czechia",2021-01-27,9209,219957,10708982
"1051","Sweden",2021-01-28,4085,216269,10099270
"181","Canada",2021-01-09,8393,213147,37742157
"546","Israel",2020-12-24,4656,211322,8655541
"272","Czechia",2021-01-26,6942,211174,10708982
"497","Greece",2021-01-28,713,210488,10423056
"1050","Sweden",2021-01-24,0,209381,10099270
"432","Germany",2021-01-01,2117,207452,83783945
"1024","Spain",2021-01-07,42360,207323,46754783
"908","Romania",2021-01-17,2156,204185,19237682
"849","Poland",2021-01-10,9133,203053,37846605
"43","Austria",2021-02-05,1388,202160,9006400
"271","Czechia",2021-01-25,2387,200913,10708982
"848","Poland",2021-01-09,10744,200022,37846605
"108","Belgium",2021-01-21,2571,199469,11589616
"42","Austria",2021-02-04,1518,198912,9006400
"847","Poland",2021-01-08,8763,198787,37846605
"516","Hungary",2021-01-29,1459,198283,9660350
"496","Greece",2021-01-27,857,198161,10423056
"907","Romania",2021-01-16,3218,196090,19237682
"322","Denmark",2021-02-04,554,194732,5792203
"41","Austria",2021-02-03,1520,194287,9006400
"321","Denmark",2021-02-03,425,193300,5792203
"746","Mexico",2021-01-13,15873,192567,128932753
"320","Denmark",2021-02-02,397,191741,5792203
"270","Czechia",2021-01-24,4256,191460,10708982
"598","Italy",2021-01-04,10798,191388,60461828
"40","Austria",2021-02-02,1241,189926,9006400
"319","Denmark",2021-02-01,488,189698,5792203
"269","Czechia",2021-01-23,8514,189258,10708982
"318","Denmark",2021-01-31,377,188959,5792203
"846","Poland",2021-01-07,12119,188956,37846605
"317","Denmark",2021-01-30,431,187707,5792203
"39","Austria",2021-02-01,1124,186479,9006400
"316","Denmark",2021-01-29,456,186468,5792203
"268","Czechia",2021-01-22,7488,186441,10708982
"315","Denmark",2021-01-28,668,185346,5792203
"38","Austria",2021-01-31,1190,185291,9006400
"314","Denmark",2021-01-27,592,185101,5792203
"313","Denmark",2021-01-26,654,184889,5792203
"312","Denmark",2021-01-25,625,184673,5792203
"495","Greece",2021-01-26,814,184610,10423056
"311","Denmark",2021-01-24,754,184428,5792203
"310","Denmark",2021-01-23,879,183809,5792203
"906","Romania",2021-01-15,3353,183669,19237682
"37","Austria",2021-01-30,1478,183628,9006400
"309","Denmark",2021-01-22,773,183025,5792203
"431","Germany",2020-12-31,19367,182960,83783945
"308","Denmark",2021-01-21,760,182366,5792203
"307","Denmark",2021-01-20,888,180837,5792203
"83","Bahrain",2021-02-05,702,179550,1701583
"306","Denmark",2021-01-19,725,179317,5792203
"403","France",2021-01-12,19680,179119,65273512
"980","Slovakia",2021-02-05,2630,177751,5459643
"82","Bahrain",2021-02-04,704,177233,1701583
"305","Denmark",2021-01-18,807,176825,5792203
"515","Hungary",2021-01-28,1569,175283,9660350
"81","Bahrain",2021-02-03,553,175094,1701583
"948","Singapore",2021-02-02,19,175000,5850343
"36","Austria",2021-01-29,1500,174262,9006400
"80","Bahrain",2021-02-02,657,174075,1701583
"304","Denmark",2021-01-17,889,172953,5792203
"79","Bahrain",2021-02-01,525,172912,1701583
"267","Czechia",2021-01-21,8228,172156,10708982
"494","Greece",2021-01-25,432,171890,10423056
"78","Bahrain",2021-01-31,431,171568,1701583
"77","Bahrain",2021-01-30,655,170433,1701583
"303","Denmark",2021-01-16,880,170413,5792203
"107","Belgium",2021-01-20,3006,170217,11589616
"76","Bahrain",2021-01-29,468,169810,1701583
"979","Slovakia",2021-02-04,2077,169709,5459643
"337","European Union",2020-12-29,144298,169704,NA
"75","Bahrain",2021-01-28,387,169440,1701583
"74","Bahrain",2021-01-27,427,167731,1701583
"905","Romania",2021-01-14,3525,167612,19237682
"73","Bahrain",2021-01-26,459,165953,1701583
"302","Denmark",2021-01-15,2162,165811,5792203
"386","Finland",2021-02-05,401,164636,5540718
"35","Austria",2021-01-28,1449,163806,9006400
"514","Hungary",2021-01-27,1004,161215,9660350
"978","Slovakia",2021-02-03,2732,160839,5459643
"845","Poland",2021-01-06,14220,160359,37846605
"809","Norway",2021-02-04,373,160076,5421242
"385","Finland",2021-02-04,444,159624,5540718
"266","Czechia",2021-01-20,9628,157318,10708982
"493","Greece",2021-01-23,605,156966,10423056
"947","Singapore",2021-01-31,29,155000,5850343
"904","Romania",2021-01-13,4424,154268,19237682
"34","Austria",2021-01-27,1641,153859,9006400
"513","Hungary",2021-01-26,459,152704,9660350
"540","Ireland",2021-02-03,1006,152200,4937796
"977","Slovakia",2021-02-02,1737,151464,5459643
"301","Denmark",2021-01-14,1,150624,5792203
"539","Ireland",2021-01-31,1244,150500,4937796
"106","Belgium",2021-01-19,1479,150360,11589616
"384","Finland",2021-02-03,265,149951,5540718
"512","Hungary",2021-01-25,844,149676,9660350
"538","Ireland",2021-01-27,1331,147700,4937796
"511","Hungary",2021-01-24,1257,146695,9660350
"33","Austria",2021-01-26,1417,146587,9006400
"383","Finland",2021-02-02,302,145770,5540718
"382","Finland",2021-02-01,244,145557,5540718
"510","Hungary",2021-01-23,1344,145257,9660350
"430","Germany",2020-12-30,49044,144903,83783945
"381","Finland",2021-01-30,469,144520,5540718
"265","Czechia",2021-01-19,7651,144419,10708982
"72","Bahrain",2021-01-20,313,144130,1701583
"71","Bahrain",2021-01-19,320,143596,1701583
"509","Hungary",2021-01-22,1311,143184,9660350
"70","Bahrain",2021-01-18,333,142831,1701583
"976","Slovakia",2021-02-01,444,142652,5459643
"69","Bahrain",2021-01-17,339,141563,1701583
"492","Greece",2021-01-22,562,141298,10423056
"903","Romania",2021-01-12,3697,140447,19237682
"844","Poland",2021-01-05,7596,140226,37846605
"1023","Spain",2021-01-05,23700,139339,46754783
"508","Hungary",2021-01-21,1410,138983,9660350
"545","Israel",2020-12-23,2535,138674,8655541
"380","Finland",2021-01-29,363,137551,5540718
"808","Norway",2021-02-03,286,137184,5421242
"68","Bahrain",2021-01-16,248,137159,1701583
"32","Austria",2021-01-25,1009,137044,9006400
"128","Brazil",2021-01-21,59119,136519,212559409
"31","Austria",2021-01-24,1202,135249,9006400
"507","Hungary",2021-01-20,976,134554,9660350
"975","Slovakia",2021-01-31,1723,133801,5459643
"974","Slovakia",2021-01-30,2182,133562,5459643
"300","Denmark",2021-01-13,1359,132707,5792203
"973","Slovakia",2021-01-29,2581,132581,5459643
"264","Czechia",2021-01-18,2693,132429,10708982
"30","Austria",2021-01-23,1626,132105,9006400
"105","Belgium",2021-01-18,932,132006,11589616
"506","Hungary",2021-01-19,573,130318,9660350
"505","Hungary",2021-01-18,875,129689,9660350
"210","Chile",2021-02-03,2610,128287,19116209
"379","Finland",2021-01-28,423,127783,5540718
"402","France",2021-01-11,3816,125412,65273512
"902","Romania",2021-01-11,1987,125190,19237682
"491","Greece",2021-01-21,506,123667,10423056
"597","Italy",2021-01-03,14245,123216,60461828
"972","Slovakia",2021-01-28,2035,123115,5459643
"67","Bahrain",2021-01-15,208,122819,1701583
"104","Belgium",2021-01-17,1630,121701,11589616
"29","Austria",2021-01-22,2088,121216,9006400
"263","Czechia",2021-01-17,5253,120447,10708982
"299","Denmark",2021-01-12,1076,119987,5792203
"298","Denmark",2021-01-11,1239,119526,5792203
"297","Denmark",2021-01-10,1246,118867,5792203
"103","Belgium",2021-01-16,2120,118570,11589616
"296","Denmark",2021-01-09,1745,118051,5792203
"262","Czechia",2021-01-16,9301,118032,10708982
"378","Finland",2021-01-27,496,117555,5540718
"295","Denmark",2021-01-08,1663,116143,5792203
"1049","Sweden",2021-01-17,0,115476,10099270
"971","Slovakia",2021-01-27,2775,115425,5459643
"261","Czechia",2021-01-15,8083,114721,10708982
"807","Norway",2021-02-02,291,113623,5421242
"102","Belgium",2021-01-15,2203,113592,11589616
"946","Singapore",2021-01-27,25,113000,5850343
"377","Finland",2021-01-26,348,110047,5540718
"66","Bahrain",2021-01-14,342,109566,1701583
"970","Slovakia",2021-01-26,1590,109042,5459643
"901","Romania",2021-01-10,3082,108294,19237682
"490","Greece",2021-01-20,511,108167,10423056
"806","Norway",2021-02-01,296,107568,5421242
"294","Denmark",2021-01-07,1844,107554,5792203
"805","Norway",2021-01-31,173,107409,5421242
"804","Norway",2021-01-30,218,107329,5421242
"803","Norway",2021-01-29,299,107200,5421242
"376","Finland",2021-01-25,192,106098,5540718
"882","Portugal",2021-01-15,10663,106000,10196707
"28","Austria",2021-01-21,1702,105038,9006400
"802","Norway",2021-01-28,315,103546,5421242
"969","Slovakia",2021-01-25,551,102683,5459643
"900","Romania",2021-01-09,4403,102301,19237682
"65","Bahrain",2021-01-13,275,101363,1701583
"260","Czechia",2021-01-14,10922,101095,10708982
"64","Bahrain",2021-01-12,316,97776,1701583
"967","Slovakia",2021-01-23,1544,96697,5459643
"968","Slovakia",2021-01-24,1905,96697,5459643
"966","Slovakia",2021-01-22,1785,96421,5459643
"489","Greece",2021-01-19,537,93382,10423056
"801","Norway",2021-01-27,367,92913,5421242
"745","Mexico",2021-01-12,14395,92879,128932753
"899","Romania",2021-01-08,4841,92706,19237682
"63","Bahrain",2021-01-11,321,92598,1701583
"843","Poland",2021-01-04,4385,92220,37846605
"401","France",2021-01-10,15944,91629,65273512
"101","Belgium",2021-01-14,2637,91101,11589616
"965","Slovakia",2021-01-21,2464,90284,5459643
"293","Denmark",2021-01-06,2230,89738,5792203
"62","Bahrain",2021-01-10,241,89250,1701583
"336","European Union",2020-12-28,82169,88496,NA
"596","Italy",2021-01-02,11825,88176,60461828
"429","Germany",2020-12-29,19466,87148,83783945
"744","Mexico",2021-01-11,7594,87060,128932753
"27","Austria",2021-01-20,1671,86888,9006400
"400","France",2021-01-09,20177,86315,65273512
"259","Czechia",2021-01-13,10801,86133,10708982
"1082","United Kingdom",2020-12-13,18541,86095,67886004
"488","Greece",2021-01-18,318,85475,10423056
"61","Bahrain",2021-01-09,287,84157,1701583
"964","Slovakia",2021-01-20,2484,84057,5459643
"1022","Spain",2021-01-04,30579,82834,46754783
"800","Norway",2021-01-26,279,81807,5421242
"743","Mexico",2021-01-10,10003,81300,128932753
"487","Greece",2021-01-16,510,80389,10423056
"799","Norway",2021-01-25,233,79595,5421242
"798","Norway",2021-01-24,279,79020,5421242
"797","Norway",2021-01-23,238,78955,5421242
"796","Norway",2021-01-22,306,78602,5421242
"700","Lithuania",2021-02-05,653,78451,2722291
"60","Bahrain",2021-01-08,397,78291,1701583
"963","Slovakia",2021-01-19,1909,77624,5459643
"699","Lithuania",2021-02-04,740,77562,2722291
"180","Canada",2021-01-02,4535,77521,37742157
"544","Israel",2020-12-22,4228,76485,8655541
"898","Romania",2021-01-07,4951,76400,19237682
"698","Lithuania",2021-02-03,764,76054,2722291
"399","France",2021-01-08,41373,76022,65273512
"486","Greece",2021-01-15,577,75412,10423056
"795","Norway",2021-01-21,372,75353,5421242
"742","Mexico",2021-01-09,16105,74794,128932753
"697","Lithuania",2021-02-02,546,74441,2722291
"696","Lithuania",2021-02-01,355,72846,2722291
"258","Czechia",2021-01-12,9345,72693,10708982
"59","Bahrain",2021-01-07,349,72239,1701583
"695","Lithuania",2021-01-31,803,71794,2722291
"694","Lithuania",2021-01-30,721,71786,2722291
"693","Lithuania",2021-01-29,859,71593,2722291
"962","Slovakia",2021-01-18,1060,71035,5459643
"485","Greece",2021-01-14,595,70960,10423056
"26","Austria",2021-01-19,1486,70474,9006400
"881","Portugal",2021-01-08,10176,70000,10196707
"292","Denmark",2021-01-05,1997,69586,5792203
"692","Lithuania",2021-01-28,943,68633,2722291
"100","Belgium",2021-01-13,2927,68565,11589616
"58","Bahrain",2021-01-06,289,68472,1701583
"741","Mexico",2021-01-08,14362,67468,128932753
"794","Norway",2021-01-20,431,67064,5421242
"209","Chile",2021-02-02,3147,67002,19116209
"691","Lithuania",2021-01-27,1283,65257,2722291
"484","Greece",2021-01-13,668,64932,10423056
"57","Bahrain",2021-01-05,229,63893,1701583
"961","Slovakia",2021-01-17,573,62634,5459643
"960","Slovakia",2021-01-16,2045,62580,5459643
"56","Bahrain",2021-01-04,288,61612,1701583
"690","Lithuania",2021-01-26,691,61425,2722291
"959","Slovakia",2021-01-15,2729,61372,5459643
"25","Austria",2021-01-18,1161,60708,9006400
"55","Bahrain",2021-01-03,294,60689,1701583
"54","Bahrain",2021-01-02,271,60097,1701583
"945","Singapore",2021-01-22,15,60000,5850343
"239","Croatia",2021-02-04,516,59593,4105268
"257","Czechia",2021-01-11,4289,59354,10708982
"53","Bahrain",2021-01-01,238,59351,1701583
"238","Croatia",2021-02-03,730,59064,4105268
"689","Lithuania",2021-01-25,541,58958,2722291
"688","Lithuania",2021-01-23,1007,58921,2722291
"687","Lithuania",2021-01-22,1033,58913,2722291
"237","Croatia",2021-02-01,94,58829,4105268
"52","Bahrain",2020-12-31,250,58643,1701583
"686","Lithuania",2021-01-21,1277,58627,2722291
"897","Romania",2021-01-06,5719,58554,19237682
"740","Mexico",2021-01-07,13734,58402,128932753
"236","Croatia",2021-01-25,134,58077,4105268
"685","Lithuania",2021-01-20,1232,57763,2722291
"51","Bahrain",2020-12-30,256,57317,1701583
"793","Norway",2021-01-19,422,57112,5421242
"208","Chile",2021-01-30,4151,56771,19116209
"207","Chile",2021-01-29,4606,56768,19116209
"205","Chile",2021-01-27,3388,56764,19116209
"206","Chile",2021-01-28,4255,56764,19116209
"204","Chile",2021-01-26,3322,56551,19116209
"483","Greece",2021-01-12,841,56475,10423056
"684","Lithuania",2021-01-19,867,56126,2722291
"50","Bahrain",2020-12-29,234,56041,1701583
"291","Denmark",2021-01-04,2078,55841,5792203
"203","Chile",2021-01-25,4068,55798,19116209
"202","Chile",2021-01-23,4581,55575,19116209
"24","Austria",2021-01-17,1267,55450,9006400
"49","Bahrain",2020-12-28,202,55014,1701583
"201","Chile",2021-01-22,4959,54683,19116209
"1021","Slovenia",2021-02-05,959,54556,2078932
"200","Chile",2021-01-21,4367,54458,19116209
"235","Croatia",2021-01-19,520,54304,4105268
"1020","Slovenia",2021-02-04,1239,54240,2078932
"958","Slovakia",2021-01-14,2923,53830,5459643
"683","Lithuania",2021-01-18,477,53765,2722291
"1019","Slovenia",2021-02-03,1615,53629,2078932
"48","Bahrain",2020-12-27,215,53614,1701583
"1018","Slovenia",2021-02-02,1650,53488,2078932
"1017","Slovenia",2021-02-01,363,53473,2078932
"1015","Slovenia",2021-01-30,1358,53460,2078932
"1016","Slovenia",2021-01-31,586,53460,2078932
"1014","Slovenia",2021-01-29,1294,53455,2078932
"290","Denmark",2021-01-03,1176,53384,5792203
"739","Mexico",2021-01-06,13345,53185,128932753
"1013","Slovenia",2021-01-28,1573,52925,2078932
"792","Norway",2021-01-18,383,52566,5421242
"1012","Slovenia",2021-01-27,1850,52434,2078932
"1011","Slovenia",2021-01-26,1681,52154,2078932
"1010","Slovenia",2021-01-25,301,52066,2078932
"1009","Slovenia",2021-01-24,537,52061,2078932
"1008","Slovenia",2021-01-23,1541,52045,2078932
"1007","Slovenia",2021-01-22,1446,51807,2078932
"47","Bahrain",2020-12-26,214,51556,1701583
"791","Norway",2021-01-17,206,51307,5421242
"790","Norway",2021-01-16,243,50963,5421242
"682","Lithuania",2021-01-17,842,50941,2722291
"681","Lithuania",2021-01-16,1234,50899,2722291
"842","Poland",2021-01-03,5782,50833,37846605
"1006","Slovenia",2021-01-21,1455,50568,2078932
"46","Bahrain",2020-12-25,234,50543,1701583
"23","Austria",2021-01-16,1723,50402,9006400
"841","Poland",2021-01-02,7006,50391,37846605
"789","Norway",2021-01-15,466,50230,5421242
"45","Bahrain",2020-12-24,253,50071,1701583
"482","Greece",2021-01-11,441,50045,10423056
"680","Lithuania",2021-01-15,1224,49810,2722291
"595","Italy",2021-01-01,22210,49750,60461828
"256","Czechia",2021-01-10,8449,49623,10708982
"1005","Slovenia",2021-01-20,1714,49218,2078932
"335","European Union",2020-12-27,61491,48799,NA
"738","Mexico",2021-01-05,11271,48236,128932753
"1004","Slovenia",2021-01-19,1713,48058,2078932
"99","Belgium",2021-01-12,2099,47982,11589616
"255","Czechia",2021-01-09,13115,47912,10708982
"840","Poland",2020-12-31,13464,47600,37846605
"1003","Slovenia",2021-01-18,299,47509,2078932
"1002","Slovenia",2021-01-17,569,47447,2078932
"1001","Slovenia",2021-01-16,1540,47443,2078932
"289","Denmark",2021-01-02,1615,47244,5792203
"1000","Slovenia",2021-01-15,1544,47120,2078932
"957","Slovakia",2021-01-13,3576,46243,5459643
"254","Czechia",2021-01-08,14861,45921,10708982
"234","Croatia",2021-01-16,763,45906,4105268
"224","Costa Rica",2021-02-01,1293,45863,5094114
"788","Norway",2021-01-14,454,45757,5421242
"223","Costa Rica",2021-01-25,1437,45707,5094114
"199","Chile",2021-01-20,3589,45676,19116209
"1048","Sweden",2021-01-10,0,45536,10099270
"481","Greece",2021-01-10,445,44645,10423056
"737","Mexico",2021-01-04,6464,43960,128932753
"428","Germany",2020-12-28,14004,43734,83783945
"398","France",2021-01-07,254,43282,65273512
"198","Chile",2021-01-19,3401,42564,19116209
"679","Lithuania",2021-01-14,1445,42556,2722291
"999","Slovenia",2021-01-14,1793,42368,2078932
"880","Portugal",2021-01-06,10027,42035,10196707
"896","Romania",2021-01-05,4729,41609,19237682
"233","Croatia",2021-01-15,715,41532,4105268
"480","Greece",2021-01-09,799,40427,10423056
"22","Austria",2021-01-15,1528,39751,9006400
"956","Slovakia",2021-01-12,2410,39735,5459643
"177","Bulgaria",2021-02-05,910,39468,6948445
"44","Bahrain",2020-12-23,183,38965,1701583
"594","Italy",2020-12-31,23477,38724,60461828
"288","Denmark",2021-01-01,2451,38175,5792203
"232","Croatia",2021-01-14,980,38000,4105268
"787","Norway",2021-01-13,667,37333,5421242
"942","Seychelles",2021-02-03,36,37087,98340
"176","Bulgaria",2021-02-04,883,36929,6948445
"839","Poland",2020-12-30,12780,36300,37846605
"941","Seychelles",2021-02-02,20,36284,98340
"253","Czechia",2021-01-07,17773,35988,10708982
"287","Denmark",2020-12-31,2254,35788,5792203
"998","Slovenia",2021-01-13,2092,35750,2078932
"479","Greece",2021-01-08,717,35272,10423056
"940","Seychelles",2021-02-01,18,35079,98340
"231","Croatia",2021-01-13,1135,34553,4105268
"678","Lithuania",2021-01-13,1764,33934,2722291
"334","Estonia",2021-02-05,591,33927,1326539
"179","Canada",2020-12-26,3114,33734,37742157
"175","Bulgaria",2021-02-03,719,33691,6948445
"98","Belgium",2021-01-11,960,32518,11589616
"543","Israel",2020-12-21,3499,32130,8655541
"879","Portugal",2021-01-03,3384,32000,10196707
"333","Estonia",2021-02-04,671,31864,1326539
"997","Slovenia",2021-01-12,1874,31131,2078932
"939","Seychelles",2021-01-29,13,30861,98340
"174","Bulgaria",2021-02-02,967,30817,6948445
"332","Estonia",2021-02-03,685,30158,1326539
"230","Croatia",2021-01-09,1401,30000,4105268
"286","Denmark",2020-12-30,2788,29446,5792203
"996","Slovenia",2021-01-11,432,29366,2078932
"21","Austria",2021-01-14,3510,29359,9006400
"222","Costa Rica",2021-01-18,1829,29257,5094114
"955","Slovakia",2021-01-11,860,29221,5459643
"173","Bulgaria",2021-02-01,832,28978,6948445
"331","Estonia",2021-02-02,403,28907,1326539
"995","Slovenia",2021-01-10,763,28882,2078932
"994","Slovenia",2021-01-09,1889,28881,2078932
"938","Seychelles",2021-01-28,20,28779,98340
"993","Slovenia",2021-01-08,2084,28633,2078932
"127","Brazil",2021-01-20,64385,28543,212559409
"330","Estonia",2021-02-01,367,28186,1326539
"252","Czechia",2021-01-06,17332,28065,10708982
"172","Bulgaria",2021-01-31,130,28041,6948445
"171","Bulgaria",2021-01-30,349,27957,6948445
"329","Estonia",2021-01-31,461,27900,1326539
"170","Bulgaria",2021-01-29,695,27856,6948445
"677","Lithuania",2021-01-12,1012,27788,2722291
"786","Norway",2021-01-12,712,27653,5421242
"328","Estonia",2021-01-30,404,27633,1326539
"97","Belgium",2021-01-10,1569,27067,11589616
"731","Malta",2021-02-05,57,27020,441539
"878","Portugal",2020-12-30,6049,26850,10196707
"169","Bulgaria",2021-01-28,560,26753,6948445
"96","Belgium",2021-01-09,1991,26671,11589616
"478","Greece",2021-01-07,510,26445,10423056
"327","Estonia",2021-01-29,687,26412,1326539
"730","Malta",2021-02-04,79,26223,441539
"676","Lithuania",2021-01-11,774,25703,2722291
"937","Seychelles",2021-01-27,13,25587,98340
"895","Romania",2021-01-04,3130,25508,19237682
"992","Slovenia",2021-01-07,2821,25442,2078932
"326","Estonia",2021-01-28,690,25415,1326539
"729","Malta",2021-02-03,138,25361,441539
"954","Slovakia",2021-01-10,2973,25326,5459643
"168","Bulgaria",2021-01-27,598,25245,6948445
"736","Mexico",2020-12-30,12406,24998,128932753
"229","Croatia",2021-01-08,1098,24985,4105268
"221","Costa Rica",2021-01-15,945,24804,5094114
"827","Oman",2021-01-16,0,24773,5106622
"828","Oman",2021-01-17,526,24773,5106622
"829","Oman",2021-01-18,221,24773,5106622
"830","Oman",2021-01-19,135,24773,5106622
"831","Oman",2021-01-20,171,24773,5106622
"832","Oman",2021-01-23,0,24773,5106622
"833","Oman",2021-01-24,558,24773,5106622
"834","Oman",2021-01-25,209,24773,5106622
"835","Oman",2021-01-26,154,24773,5106622
"836","Oman",2021-01-27,167,24773,5106622
"728","Malta",2021-02-02,141,24526,441539
"826","Oman",2021-01-14,178,24204,5106622
"197","Chile",2021-01-18,3918,24025,19116209
"427","Germany",2020-12-27,12399,23900,83783945
"727","Malta",2021-02-01,124,23811,441539
"167","Bulgaria",2021-01-26,827,23667,6948445
"675","Lithuania",2021-01-10,1503,23497,2722291
"674","Lithuania",2021-01-09,1764,23494,2722291
"95","Belgium",2021-01-08,2048,23484,11589616
"726","Malta",2021-01-30,136,23391,441539
"785","Norway",2021-01-11,429,23363,5421242
"673","Lithuania",2021-01-08,2058,23190,2722291
"784","Norway",2021-01-10,555,23021,5421242
"783","Norway",2021-01-09,443,22914,5421242
"725","Malta",2021-01-29,185,22853,441539
"782","Norway",2021-01-08,684,22782,5421242
"825","Oman",2021-01-13,142,22749,5106622
"936","Seychelles",2021-01-26,47,22712,98340
"953","Slovakia",2021-01-09,4072,22281,5459643
"251","Czechia",2021-01-05,12921,22268,10708982
"724","Malta",2021-01-28,208,22162,441539
"166","Bulgaria",2021-01-25,772,22129,6948445
"165","Bulgaria",2021-01-24,121,21533,6948445
"164","Bulgaria",2021-01-23,266,21509,6948445
"163","Bulgaria",2021-01-22,566,21496,6948445
"723","Malta",2021-01-27,193,21417,441539
"781","Norway",2021-01-07,825,21169,5421242
"162","Bulgaria",2021-01-21,455,20719,6948445
"722","Malta",2021-01-26,138,20677,441539
"824","Oman",2021-01-12,164,20649,5106622
"477","Greece",2021-01-06,814,20616,10423056
"228","Croatia",2021-01-07,562,20603,4105268
"952","Slovakia",2021-01-08,2980,20548,5459643
"991","Slovenia",2021-01-06,3354,20204,2078932
"20","Austria",2021-01-13,1917,20064,9006400
"935","Seychelles",2021-01-25,36,19889,98340
"161","Bulgaria",2021-01-20,482,19834,6948445
"721","Malta",2021-01-25,203,19709,441539
"241","Cyprus",2021-01-29,119,19617,875899
"160","Bulgaria",2021-01-19,544,19058,6948445
"720","Malta",2021-01-24,116,18783,441539
"735","Mexico",2020-12-29,12099,18529,128932753
"159","Bulgaria",2021-01-18,570,18524,6948445
"158","Bulgaria",2021-01-17,77,18453,6948445
"934","Seychelles",2021-01-23,61,18353,98340
"157","Bulgaria",2021-01-16,233,18332,6948445
"823","Oman",2021-01-11,172,18287,5106622
"156","Bulgaria",2021-01-15,552,18126,6948445
"672","Lithuania",2021-01-07,2409,18020,2722291
"285","Denmark",2020-12-29,2640,17785,5792203
"664","Latvia",2021-02-05,876,17778,1886202
"250","Czechia",2021-01-04,6233,17764,10708982
"155","Bulgaria",2021-01-14,535,17686,6948445
"663","Latvia",2021-02-04,742,17645,1886202
"662","Latvia",2021-02-03,1231,17504,1886202
"661","Latvia",2021-02-02,775,17264,1886202
"660","Latvia",2021-02-01,411,17129,1886202
"659","Latvia",2021-01-30,785,17115,1886202
"658","Latvia",2021-01-29,931,17111,1886202
"397","France",2021-01-06,25232,17064,65273512
"657","Latvia",2021-01-28,965,17057,1886202
"154","Bulgaria",2021-01-13,535,17038,6948445
"656","Latvia",2021-01-27,1103,17027,1886202
"655","Latvia",2021-01-26,693,16946,1886202
"654","Latvia",2021-01-25,223,16916,1886202
"653","Latvia",2021-01-23,910,16897,1886202
"933","Seychelles",2021-01-22,210,16890,98340
"652","Latvia",2021-01-22,876,16772,1886202
"877","Portugal",2020-12-29,3336,16701,10196707
"476","Greece",2021-01-05,927,16631,10423056
"651","Latvia",2021-01-21,902,16576,1886202
"650","Latvia",2021-01-20,1088,16310,1886202
"649","Latvia",2021-01-19,812,16291,1886202
"648","Latvia",2021-01-18,244,16219,1886202
"647","Latvia",2021-01-17,567,15947,1886202
"822","Oman",2021-01-10,538,15907,5106622
"646","Latvia",2021-01-16,1031,15830,1886202
"153","Bulgaria",2021-01-12,750,15780,6948445
"240","Cyprus",2021-01-22,122,15322,875899
"645","Latvia",2021-01-15,1084,15167,1886202
"990","Slovenia",2021-01-05,2512,15102,2078932
"821","Oman",2021-01-09,0,15023,5106622
"820","Oman",2021-01-08,0,14980,5106622
"819","Oman",2021-01-07,182,14911,5106622
"780","Norway",2021-01-06,787,14612,5421242
"94","Belgium",2021-01-07,2923,14340,11589616
"249","Czechia",2021-01-03,5012,14198,10708982
"152","Bulgaria",2021-01-11,620,14161,6948445
"818","Oman",2021-01-06,114,14005,5106622
"671","Lithuania",2021-01-06,2787,13866,2722291
"227","Croatia",2021-01-05,1071,13798,4105268
"196","Chile",2021-01-17,4339,13781,19116209
"195","Chile",2021-01-16,4313,13766,19116209
"194","Chile",2021-01-15,4468,13755,19116209
"1047","Sweden",2021-01-03,0,13705,10099270
"951","Slovakia",2021-01-07,2137,13631,5459643
"894","Romania",2021-01-03,3034,13596,19237682
"593","Italy",2020-12-30,16202,13514,60461828
"151","Bulgaria",2021-01-09,394,13473,6948445
"150","Bulgaria",2021-01-08,753,13355,6948445
"644","Latvia",2021-01-14,950,13299,1886202
"248","Czechia",2021-01-02,3447,13283,10708982
"719","Luxembourg",2021-02-04,202,13256,625976
"893","Romania",2021-01-02,1194,13242,19237682
"19","Austria",2021-01-12,1575,13172,9006400
"932","Seychelles",2021-01-20,16,13163,98340
"193","Chile",2021-01-14,4187,12787,19116209
"817","Oman",2021-01-05,190,12751,5106622
"989","Slovenia",2021-01-04,772,12684,2078932
"528","Iceland",2021-02-05,5,12660,341250
"718","Luxembourg",2021-02-03,205,12597,625976
"226","Croatia",2021-01-03,696,12285,4105268
"527","Iceland",2021-02-03,2,12098,341250
"247","Czechia",2021-01-01,13361,12027,10708982
"717","Luxembourg",2021-02-02,190,11925,625976
"246","Czechia",2020-12-31,17039,11765,10708982
"192","Chile",2021-01-13,3390,11743,19116209
"892","Romania",2021-01-01,3938,11656,19237682
"988","Slovenia",2021-01-03,743,11594,2078932
"18","Austria",2021-01-11,1536,11559,9006400
"643","Latvia",2021-01-13,1255,11480,1886202
"126","Brazil",2021-01-19,62094,11470,212559409
"716","Luxembourg",2021-02-01,345,11336,625976
"149","Bulgaria",2021-01-07,867,11117,6948445
"987","Slovenia",2021-01-02,393,11039,2078932
"931","Seychelles",2021-01-19,0,10976,98340
"715","Luxembourg",2021-01-31,0,10748,625976
"816","Oman",2021-01-04,180,10728,5106622
"526","Iceland",2021-01-27,8,10702,341250
"191","Chile",2021-01-06,2382,10699,19116209
"986","Slovenia",2021-01-01,1798,10636,2078932
"985","Slovenia",2020-12-31,2412,10545,2078932
"190","Chile",2021-01-05,2460,10494,19116209
"245","Czechia",2020-12-30,16420,10461,10708982
"525","Iceland",2021-01-25,9,10433,341250
"670","Lithuania",2021-01-05,1641,10369,2722291
"475","Greece",2021-01-04,427,10327,10423056
"891","Romania",2020-12-31,4322,10289,19237682
"642","Latvia",2021-01-12,878,9973,1886202
"714","Luxembourg",2021-01-28,139,9890,625976
"669","Lithuania",2020-12-31,2468,9747,2722291
"668","Lithuania",2020-12-30,3984,9722,2722291
"734","Mexico",2020-12-28,5996,9579,128932753
"713","Luxembourg",2021-01-27,237,9107,625976
"189","Chile",2021-01-04,2450,9051,19116209
"592","Italy",2020-12-29,11210,8902,60461828
"984","Slovenia",2020-12-30,2435,8895,2078932
"815","Oman",2021-01-03,537,8826,5106622
"178","Canada",2020-12-19,6459,8734,37742157
"284","Denmark",2020-12-28,2482,8654,5792203
"188","Chile",2020-12-27,1711,8646,19116209
"983","Slovenia",2020-12-29,1978,8467,2078932
"641","Latvia",2021-01-11,331,8346,1886202
"187","Chile",2020-12-26,2563,8335,19116209
"712","Luxembourg",2021-01-26,119,8280,625976
"667","Lithuania",2020-12-29,2108,8189,2722291
"591","Italy",2020-12-28,8581,7981,60461828
"148","Bulgaria",2021-01-06,1002,7913,6948445
"225","Croatia",2020-12-30,1850,7864,4105268
"542","Israel",2020-12-20,1874,7371,8655541
"982","Slovenia",2020-12-28,521,7367,2078932
"711","Luxembourg",2021-01-25,295,7309,625976
"814","Oman",2021-01-02,0,7231,5106622
"590","Italy",2020-12-27,8937,7011,60461828
"930","Seychelles",2021-01-16,40,7000,98340
"244","Czechia",2020-12-29,10862,6998,10708982
"640","Latvia",2021-01-10,616,6980,1886202
"710","Luxembourg",2021-01-21,115,6897,625976
"733","Mexico",2020-12-27,6217,6824,128932753
"17","Austria",2021-01-10,1651,6784,9006400
"396","France",2021-01-05,20825,6744,65273512
"283","Denmark",2020-12-27,2188,6648,5792203
"639","Latvia",2021-01-09,1170,6644,1886202
"950","Slovakia",2021-01-06,4959,6618,5459643
"813","Oman",2020-12-31,148,6516,5106622
"638","Latvia",2021-01-08,1237,6339,1886202
"838","Poland",2020-12-29,7624,6300,37846605
"325","Ecuador",2021-02-04,949,6228,17643060
"93","Belgium",2021-01-06,2997,6218,11589616
"944","Singapore",2021-01-12,17,6200,5850343
"709","Luxembourg",2021-01-20,229,6193,625976
"981","Slovenia",2020-12-27,622,5821,2078932
"524","Iceland",2021-01-20,5,5725,341250
"890","Romania",2020-12-30,4875,5666,19237682
"779","Norway",2021-01-05,935,5610,5421242
"147","Bulgaria",2021-01-05,1310,5448,6948445
"637","Latvia",2021-01-07,1374,5434,1886202
"708","Luxembourg",2021-01-19,85,5294,625976
"666","Lithuania",2020-12-28,1794,5203,2722291
"186","Chile",2020-12-25,1679,5191,19116209
"812","Oman",2020-12-30,86,5043,5106622
"523","Iceland",2020-12-30,18,4875,341250
"876","Portugal",2020-12-28,2093,4828,10196707
"146","Bulgaria",2021-01-01,274,4739,6948445
"636","Latvia",2021-01-06,1229,4625,1886202
"145","Bulgaria",2020-12-30,1729,4608,6948445
"707","Luxembourg",2021-01-18,260,4569,625976
"929","Seychelles",2021-01-15,29,4000,98340
"474","Greece",2021-01-03,390,3869,10423056
"635","Latvia",2021-01-05,824,3849,1886202
"706","Luxembourg",2021-01-17,0,3755,625976
"243","Czechia",2020-12-28,3741,3541,10708982
"943","Singapore",2021-01-11,22,3400,5850343
"811","Oman",2020-12-29,70,3363,5106622
"705","Luxembourg",2021-01-14,114,3233,625976
"473","Greece",2021-01-02,262,3149,10423056
"324","Ecuador",2021-01-28,2465,2982,17643060
"634","Latvia",2021-01-04,621,2960,1886202
"732","Mexico",2020-12-24,12485,2924,128932753
"704","Luxembourg",2021-01-13,191,2871,625976
"889","Romania",2020-12-29,4637,2778,19237682
"472","Greece",2021-01-01,597,2603,10423056
"665","Lithuania",2020-12-27,1687,2418,2722291
"703","Luxembourg",2021-01-12,154,2372,625976
"92","Belgium",2021-01-05,1848,2354,11589616
"471","Greece",2020-12-31,932,2339,10423056
"633","Latvia",2020-12-30,1367,2261,1886202
"778","Norway",2021-01-04,529,2177,5421242
"775","Norway",2021-01-01,236,2176,5421242
"776","Norway",2021-01-02,463,2176,5421242
"777","Norway",2021-01-03,450,2176,5421242
"774","Norway",2020-12-31,557,2170,5421242
"773","Norway",2020-12-30,732,2098,5421242
"888","Romania",2020-12-28,2620,2066,19237682
"837","Poland",2020-12-28,3211,2000,37846605
"928","Seychelles",2021-01-13,11,2000,98340
"702","Luxembourg",2021-01-11,283,1943,625976
"395","France",2021-01-04,4084,1800,65273512
"1046","Sweden",2020-12-27,0,1730,10099270
"470","Greece",2020-12-30,942,1722,10423056
"144","Bulgaria",2020-12-29,1438,1719,6948445
"810","Oman",2020-12-28,91,1717,5106622
"772","Norway",2020-12-29,693,1674,5421242
"632","Latvia",2020-12-29,838,1473,1886202
"242","Czechia",2020-12-27,3030,1258,10708982
"701","Luxembourg",2020-12-30,327,1200,625976
"125","Brazil",2021-01-18,23671,1109,212559409
"469","Greece",2020-12-29,1045,1077,10423056
"2","Andorra",2021-02-01,35,1036,77265
"91","Belgium",2021-01-04,876,795,11589616
"90","Belgium",2021-01-01,1793,794,11589616
"89","Belgium",2020-12-31,2254,787,11589616
"88","Belgium",2020-12-30,2831,778,11589616
"771","Norway",2020-12-28,526,606,5421242
"631","Latvia",2020-12-28,508,595,1886202
"1","Andorra",2021-01-25,47,576,77265
"85","Bangladesh",2021-01-28,509,567,164689383
"468","Greece",2020-12-28,475,447,10423056
"394","France",2021-01-03,12495,441,65273512
"949","Slovakia",2021-01-05,2989,425,5459643
"185","Chile",2020-12-24,3238,420,19116209
"393","France",2021-01-02,3466,367,65273512
"392","France",2021-01-01,19348,325,65273512
"391","France",2020-12-31,20042,316,65273512
"87","Belgium",2020-12-29,1677,299,11589616
"86","Belgium",2020-12-28,857,298,11589616
"390","France",2020-12-30,26514,237,65273512
"389","France",2020-12-29,11494,138,65273512
"124","Brazil",2021-01-17,33040,112,212559409
"323","Ecuador",2021-01-22,969,108,17643060
"541","Israel",2020-12-19,2734,57,8655541
"388","France",2020-12-28,3106,52,65273512
"84","Bangladesh",2021-01-27,528,26,164689383
"387","France",2020-12-27,8822,13,65273512
"770","Norway",2020-12-27,381,5,5421242
